{
    "thresholds": {
        "toxic": 0.9000000000000002,
        "severe_toxic": 0.9000000000000002,
        "obscene": 0.9000000000000002,
        "threat": 0.9000000000000002,
        "insult": 0.9000000000000002,
        "identity_hate": 0.9000000000000002
    },
    "metrics": {
        "f1": 0.4655045094602948,
        "precision": 0.3488948639648151,
        "recall": 0.938682260366848,
        "roc_auc": 0.9827781233383672,
        "pr_auc": 0.5514566990601378
    },
    "robustness": {
        "short_f1": 0.49429816702389545,
        "long_f1": 0.4169300353208656,
        "noisy_f1": 0.3628028637245401,
        "noise_drop": 0.10270164573575469
    }
}